"種別","名称","住所","x座標","y座標"
"指定緊急避難場所（緊急時の避難場所）","宮区民総合センター","家島町宮1049","134.5342447","34.67586906"
"指定緊急避難場所（緊急時の避難場所）","宮区民会館","家島町宮1055","134.5340085","34.67560014"
"指定緊急避難場所（緊急時の避難場所）","宮防災会館","家島町宮1631-2","134.5311873","34.67268774"
"指定緊急避難場所（緊急時の避難場所）","姫路市立家島宮老人の家","家島町宮1443","134.5361901","34.67151272"
"指定緊急避難場所（緊急時の避難場所）","兵庫県立家島高等学校","家島町宮1759-1","134.5294477","34.66906725"
"指定緊急避難場所（緊急時の避難場所）","姫路市立家島中学校","家島町宮1877-2","134.5305507","34.66854919"
"指定緊急避難場所（緊急時の避難場所）","姫路市立家島男鹿老人の家","家島町宮2165-11","134.582693","34.66916047"
"指定緊急避難場所（緊急時の避難場所）","家島保健福祉サービスセンター","家島町宮2169","134.5304189","34.67368063"
"指定緊急避難場所（緊急時の避難場所）","家島B＆G海洋センター","家島町真浦1732-73","134.5197926","34.66956721"
"指定緊急避難場所（緊急時の避難場所）","家島老人福祉センター","家島町真浦1769","134.5224978","34.66938322"
"指定緊急避難場所（緊急時の避難場所）","家島公民館","家島町真浦2137-1","134.5320604","34.6756557"
"指定緊急避難場所（緊急時の避難場所）","姫路市立家島小学校","家島町真浦2141","134.5308653","34.67460299"
"指定緊急避難場所（緊急時の避難場所）","姫路市立家島幼稚園","家島町真浦2152","134.5296773","34.67443682"
"指定緊急避難場所（緊急時の避難場所）","真浦区民会館","家島町真浦2379","134.5273447","34.6772119"
"指定緊急避難場所（緊急時の避難場所）","真浦区民総合センター","家島町真浦571","134.5271381","34.67773036"
"指定緊急避難場所（緊急時の避難場所）","坊勢青年会館","家島町坊勢143","134.514922","34.65432305"
"指定緊急避難場所（緊急時の避難場所）","家島群島開発総合センター","家島町坊勢186","134.5170615","34.65558938"
"指定緊急避難場所（緊急時の避難場所）","姫路市立坊勢幼稚園","家島町坊勢303-3","134.5156011","34.65318023"
"指定緊急避難場所（緊急時の避難場所）","姫路市立坊勢小学校","家島町坊勢415-1","134.5146194","34.65262343"
"指定緊急避難場所（緊急時の避難場所）","姫路市立坊勢中学校","家島町坊勢430-１","134.5141635","34.65146248"
"指定緊急避難場所（緊急時の避難場所）","坊勢スポーツセンター","家島町坊勢700-24","134.5177328","34.65144126"
"指定緊急避難場所（緊急時の避難場所）","姫路市立置塩小学校","夢前町宮置235","134.673751","34.91190282"
"指定緊急避難場所（緊急時の避難場所）","置塩公民館","夢前町宮置292-2","134.6750758","34.91134761"
"指定緊急避難場所（緊急時の避難場所）","姫路市立菅野中学校","夢前町護持29-1","134.6389397","34.94114542"
"指定緊急避難場所（緊急時の避難場所）","姫路市立上菅小学校","夢前町護持381-2","134.6341433","34.94264974"
"指定緊急避難場所（緊急時の避難場所）","（旧）山之内小学校","夢前町山之内甲619","134.6690934","35.02993185"
"指定緊急避難場所（緊急時の避難場所）","菅生公民館","夢前町菅生澗1384-1","134.6358192","34.92310489"
"指定緊急避難場所（緊急時の避難場所）","姫路市立菅生小学校","夢前町菅生澗802-1","134.6421635","34.91668456"
"指定緊急避難場所（緊急時の避難場所）","姫路市立前之庄小学校","夢前町前之庄2838-1","134.6811185","34.97269875"
"指定緊急避難場所（緊急時の避難場所）","姫路市立鹿谷中学校","夢前町前之庄2860","134.682296","34.97212461"
"指定緊急避難場所（緊急時の避難場所）","豊岡総合センター","夢前町前之庄4353-5","134.6739972","34.97035009"
"指定緊急避難場所（緊急時の避難場所）","兵庫県立夢前高等学校","夢前町前之庄643","134.6855731","34.96143593"
"指定緊急避難場所（緊急時の避難場所）","古知公民館","夢前町古知之庄318","134.6839462","34.94505076"
"指定緊急避難場所（緊急時の避難場所）","姫路市立古知小学校","夢前町古知之庄401-1","134.6780274","34.94644384"
"指定緊急避難場所（緊急時の避難場所）","上菅公民館","夢前町塚本225-1","134.6383077","34.93295103"
"指定緊急避難場所（緊急時の避難場所）","姫路市立置塩中学校","夢前町又坂50","134.6736527","34.9275846"
"指定緊急避難場所（緊急時の避難場所）","姫路市立莇野小学校","夢前町莇野299-2","134.6326917","34.9764185"
"指定緊急避難場所（緊急時の避難場所）","莇野公民館","夢前町莇野326-3","134.6311226","34.97753444"
"指定緊急避難場所（緊急時の避難場所）","姫路市立香寺中学校","香寺町岩部293","134.7364429","34.91887352"
"指定緊急避難場所（緊急時の避難場所）","犬飼公民館","香寺町犬飼464-1","134.7349451","34.90155404"
"指定緊急避難場所（緊急時の避難場所）","広瀬ふれあい会館","香寺町広瀬42-1","134.7400113","34.91041486"
"指定緊急避難場所（緊急時の避難場所）","姫路市休養センター「香寺荘」","香寺町恒屋1470","134.7124634","34.94583533"
"指定緊急避難場所（緊急時の避難場所）","北恒屋公民館","香寺町恒屋1551-1","134.7185227","34.94212084"
"指定緊急避難場所（緊急時の避難場所）","太子丘公園","香寺町溝口484-1外","134.741658","34.92794774"
"指定緊急避難場所（緊急時の避難場所）","姫路市立香寺総合公園スポーツセンター","香寺町行重335","134.7298246","34.92524774"
"指定緊急避難場所（緊急時の避難場所）","姫路市立香呂小学校","香寺町香呂626","134.7306425","34.91175325"
"指定緊急避難場所（緊急時の避難場所）","姫路市立香呂南小学校","香寺町須加院173","134.7263314","34.89450294"
"指定緊急避難場所（緊急時の避難場所）","香寺北公民館","香寺町中寺121-1","134.7316854","34.93083401"
"指定緊急避難場所（緊急時の避難場所）","姫路市立中寺小学校","香寺町中寺231","134.7298355","34.9318303"
"指定緊急避難場所（緊急時の避難場所）","香寺公民館","香寺町土師396","134.7292316","34.92658589"
"指定緊急避難場所（緊急時の避難場所）","兵庫県立香寺高等学校","香寺町土師547","134.7351922","34.93131445"
"指定緊急避難場所（緊急時の避難場所）","香寺健康福祉センター","香寺町矢田部733","134.7254299","34.92491476"
"指定緊急避難場所（緊急時の避難場所）","ネスパルやすとみ","安富町安志1151","134.5954615","34.98584377"
"指定緊急避難場所（緊急時の避難場所）","姫路市立安富中学校","安富町安志320-1","134.5939015","34.9908589"
"指定緊急避難場所（緊急時の避難場所）","姫路市立安富スポーツセンター","安富町安志673-3","134.587112","34.99288071"
"指定緊急避難場所（緊急時の避難場所）","姫路市立安富南小学校","安富町安志869","134.5908524","34.98537648"
"指定緊急避難場所（緊急時の避難場所）","狭戸公民館","安富町狭戸644-1","134.5797901","34.95775106"
"指定緊急避難場所（緊急時の避難場所）","コミュニティ防災公園","安富町長野231-1","134.5876999","34.97761582"
"指定緊急避難場所（緊急時の避難場所）","姫路市立安富北小学校","安富町杤原664-2","134.6044474","35.02086101"
"指定緊急避難場所（緊急時の避難場所）","広畑第二公民館","広畑区高浜町三丁目21","134.6221212","34.79971785"
"指定緊急避難場所（緊急時の避難場所）","城乾公民館","南新在家6-1","134.6852943","34.84465198"
"指定緊急避難場所（緊急時の避難場所）","浜手緑地中島東地区","飾磨区中島","134.6821826","34.78858854"
"指定緊急避難場所（緊急時の避難場所）","高浜総合公園","飾磨区阿成植木1133外","134.6914635","34.80670207"
"指定緊急避難場所（緊急時の避難場所）","網干南公園","網干区新在家250-1","134.5932692","34.77323954"
"指定緊急避難場所（緊急時の避難場所）","網干南公園ふれあいの館","網干区新在家246","134.5926301","34.77290349"
"指定緊急避難場所（緊急時の避難場所）","青山公民館","青山五丁目2-1","134.6396658","34.84527133"
"指定緊急避難場所（緊急時の避難場所）","青山小学校","青山北三丁目42-1","134.6332503","34.85203947"
"指定緊急避難場所（緊急時の避難場所）","英賀保公民館","飾磨区英賀清水町一丁目14","134.6448418","34.80794353"
"指定緊急避難場所（緊急時の避難場所）","英賀保小学校","飾磨区英賀清水町二丁目76","134.6446608","34.80697273"
"指定緊急避難場所（緊急時の避難場所）","朝日中学校","網干区坂出1-1","134.590124","34.80405386"
"指定緊急避難場所（緊急時の避難場所）","朝日山公園","勝原区朝日谷601-1 外","134.5859861","34.81753151"
"指定緊急避難場所（緊急時の避難場所）","網干公民館","網干区新在家363-31","134.5919633","34.78028626"
"指定緊急避難場所（緊急時の避難場所）","網干高校","網干区新在家259-1","134.5919215","34.77398497"
"指定緊急避難場所（緊急時の避難場所）","網干市民センター","網干区垣内中町120","134.5889309","34.78926343"
"指定緊急避難場所（緊急時の避難場所）","網干小学校","網干区新在家897-1","134.5930161","34.78144713"
"指定緊急避難場所（緊急時の避難場所）","網干中学校","網干区新在家1320-4","134.591192","34.78535477"
"指定緊急避難場所（緊急時の避難場所）","網干テニスコート","網干区新在家1320-4","134.591997","34.78418987"
"指定緊急避難場所（緊急時の避難場所）","網干なぎさ公園","網干区新在家246-2","134.5943215","34.77222635"
"指定緊急避難場所（緊急時の避難場所）","網干西公民館","網干区興浜1209-1","134.581925","34.78134432"
"指定緊急避難場所（緊急時の避難場所）","網干西小学校","網干区浜田24","134.5787122","34.7810984"
"指定緊急避難場所（緊急時の避難場所）","網干幼稚園","網干区興浜16","134.5859877","34.78069632"
"指定緊急避難場所（緊急時の避難場所）","荒川公民館","町坪127-4","134.6582568","34.82082944"
"指定緊急避難場所（緊急時の避難場所）","荒川小学校","井ノ口49-1","134.6615414","34.82195638"
"指定緊急避難場所（緊急時の避難場所）","荒川幼稚園","町坪127","134.6589331","34.82102573"
"指定緊急避難場所（緊急時の避難場所）","伊勢公民館","林田町上伊勢1077-5","134.608903","34.906473"
"指定緊急避難場所（緊急時の避難場所）","伊勢小学校","林田町上伊勢886-1","134.6085814","34.90179793"
"指定緊急避難場所（緊急時の避難場所）","市川台緑地","市川台一丁目～三丁目、東郷町（市川右岸）","134.7169519","34.83188996"
"指定緊急避難場所（緊急時の避難場所）","一本松緑地","花田町一本松地先(市川左岸)","134.7186266","34.82452867"
"指定緊急避難場所（緊急時の避難場所）","糸引公民館","継156-1","134.7211111","34.79253613"
"指定緊急避難場所（緊急時の避難場所）","糸引小学校","東山114-1","134.7175034","34.7946299"
"指定緊急避難場所（緊急時の避難場所）","宇佐崎公園","白浜町宇佐崎中二丁目666","134.7126763","34.78342102"
"指定緊急避難場所（緊急時の避難場所）","運河公園","南条、佃町、三条町1～2丁目、庄田他","134.686964","34.81339262"
"指定緊急避難場所（緊急時の避難場所）","太市公民館","西脇439-8","134.6044991","34.86336776"
"指定緊急避難場所（緊急時の避難場所）","太市小学校","西脇507","134.6032577","34.86324396"
"指定緊急避難場所（緊急時の避難場所）","大塩公民館","大塩町汐咲一丁目39","134.7570586","34.779273"
"指定緊急避難場所（緊急時の避難場所）","大塩小学校","大塩町汐咲二丁目19","134.754938","34.77894691"
"指定緊急避難場所（緊急時の避難場所）","大津公民館","大津区天満883-1","134.6078026","34.79600969"
"指定緊急避難場所（緊急時の避難場所）","大津小学校","大津区天満1001-4","134.6062457","34.79770849"
"指定緊急避難場所（緊急時の避難場所）","大津団地第二公園","大津区大津町三丁目41","134.6052976","34.8051296"
"指定緊急避難場所（緊急時の避難場所）","大津中学校","大津区長松229","134.603006","34.79965325"
"指定緊急避難場所（緊急時の避難場所）","大津茂公民館","勝原区勝原町16-2","134.6004962","34.8071054"
"指定緊急避難場所（緊急時の避難場所）","大津茂小学校","網干区田井22","134.5998472","34.80266287"
"指定緊急避難場所（緊急時の避難場所）","大的市民センター","大塩町2211-5","134.7522505","34.77680999"
"指定緊急避難場所（緊急時の避難場所）","大的中学校","大塩町2213-2","134.7520605","34.77601706"
"指定緊急避難場所（緊急時の避難場所）","お通緑地","花田町小川地先(市川左岸)","134.7198343","34.83860355"
"指定緊急避難場所（緊急時の避難場所）","勝原市民センタ―","勝原区丁743","134.597316","34.81443266"
"指定緊急避難場所（緊急時の避難場所）","勝原小学校","勝原区丁735-3","134.5980289","34.81514358"
"指定緊急避難場所（緊急時の避難場所）","旧勝原小第２グラウンド","勝原区丁","134.6024523","34.81708192"
"指定緊急避難場所（緊急時の避難場所）","兼田緑地","兼田386-4（市川左岸）","134.6944604","34.80433015"
"指定緊急避難場所（緊急時の避難場所）","球技スポーツセンター","花田町加納原田813","134.7285753","34.83166298"
"指定緊急避難場所（緊急時の避難場所）","旭陽公民館","網干区坂上430-2","134.5870024","34.80159919"
"指定緊急避難場所（緊急時の避難場所）","旭陽小学校","網干区坂上425-1","134.5866844","34.80126723"
"指定緊急避難場所（緊急時の避難場所）","琴陵中学校","山畑新田525","134.6780382","34.83811874"
"指定緊急避難場所（緊急時の避難場所）","勤労市民会館","中地354","134.6682996","34.81993677"
"指定緊急避難場所（緊急時の避難場所）","勤労者体育センター","飾磨区細江104-3","134.6715378","34.80471035"
"指定緊急避難場所（緊急時の避難場所）","琴丘高校","今宿668","134.660161","34.83800644"
"指定緊急避難場所（緊急時の避難場所）","山陽中学校","延末103-1","134.6783695","34.8231625"
"指定緊急避難場所（緊急時の避難場所）","飾磨公民館","飾磨区宮16","134.6696257","34.7959941"
"指定緊急避難場所（緊急時の避難場所）","飾磨工業高校","飾磨区細江319","134.6692631","34.80166962"
"指定緊急避難場所（緊急時の避難場所）","飾磨高校","飾磨区妻鹿672","134.6993923","34.79378385"
"指定緊急避難場所（緊急時の避難場所）","飾磨市民センター","飾磨区玉地一丁目27","134.6773753","34.79979893"
"指定緊急避難場所（緊急時の避難場所）","飾磨小学校","飾磨区恵美酒22","134.6724868","34.79894695"
"指定緊急避難場所（緊急時の避難場所）","飾磨中央公園","飾磨区細江520-94外","134.6671684","34.79708605"
"指定緊急避難場所（緊急時の避難場所）","飾磨中部中学校","飾磨区細江206","134.6704829","34.80330648"
"指定緊急避難場所（緊急時の避難場所）","飾磨西中学校","飾磨区構二丁目93","134.6614148","34.80943472"
"指定緊急避難場所（緊急時の避難場所）","飾磨東中学校","飾磨区三和町26","134.6833957","34.79930407"
"指定緊急避難場所（緊急時の避難場所）","飾西公園","町田19－1","134.6365228","34.86487802"
"指定緊急避難場所（緊急時の避難場所）","四郷公民館","四郷町坂元258-1","134.7228144","34.81094816"
"指定緊急避難場所（緊急時の避難場所）","四郷小学校","四郷町坂元227","134.7232923","34.81031523"
"指定緊急避難場所（緊急時の避難場所）","四郷中学校","四郷町坂元345-2","134.7206886","34.81214501"
"指定緊急避難場所（緊急時の避難場所）","市民会館","総社本町112","134.6955674","34.83282856"
"指定緊急避難場所（緊急時の避難場所）","生涯学習大学校","田寺東二丁目11-1","134.674974","34.85602258"
"指定緊急避難場所（緊急時の避難場所）","城乾市民センター","南八代町6-1","134.6869033","34.84270933"
"指定緊急避難場所（緊急時の避難場所）","城乾小学校","南八代町6-60","134.6867863","34.84348524"
"指定緊急避難場所（緊急時の避難場所）","城乾中学校","南八代町6-1","134.6860274","34.84252234"
"指定緊急避難場所（緊急時の避難場所）","城西小学校","新在家二丁目4-1","134.6815987","34.844843"
"指定緊急避難場所（緊急時の避難場所）","城東公民館","城東町竹之門15","134.7052226","34.83709037"
"指定緊急避難場所（緊急時の避難場所）","城東小学校","城東町竹之門1","134.7049398","34.83660623"
"指定緊急避難場所（緊急時の避難場所）","城東幼稚園","城東町野田1-2","134.7086034","34.8344585"
"指定緊急避難場所（緊急時の避難場所）","城南公民館","西二階町68-1","134.6882328","34.83274839"
"指定緊急避難場所（緊急時の避難場所）","城北公園","広峰一丁目、二丁目","134.7042083","34.85407923"
"指定緊急避難場所（緊急時の避難場所）","城北公民館","伊伝居490-2","134.6982226","34.85071796"
"指定緊急避難場所（緊急時の避難場所）","城北小学校","伊伝居600-2","134.6973431","34.84969167"
"指定緊急避難場所（緊急時の避難場所）","城陽公民館","北条1053-1","134.6979598","34.8209149"
"指定緊急避難場所（緊急時の避難場所）","城陽小学校","北条923-1","134.6976268","34.82216875"
"指定緊急避難場所（緊急時の避難場所）","書写中学校","書写台二丁目34","134.6467867","34.86875471"
"指定緊急避難場所（緊急時の避難場所）","白浜グラウンド","白浜町丙577","134.7097258","34.77979169"
"指定緊急避難場所（緊急時の避難場所）","白浜公民館","白浜町甲 350の7","134.7071924","34.78560562"
"指定緊急避難場所（緊急時の避難場所）","白浜小学校","白浜町甲458","134.704899","34.78630262"
"指定緊急避難場所（緊急時の避難場所）","白浜西山公園","白浜町1355","134.6969549","34.78839113"
"指定緊急避難場所（緊急時の避難場所）","白浜幼稚園","白浜町甲842-2","134.7036522","34.7836749"
"指定緊急避難場所（緊急時の避難場所）","城の西公民館","岡町33","134.6848486","34.84026359"
"指定緊急避難場所（緊急時の避難場所）","城山中学校","飾東町豊国1163-5","134.7465973","34.8478571"
"指定緊急避難場所（緊急時の避難場所）","神南中学校","船津町3937","134.7578789","34.90868543"
"指定緊急避難場所（緊急時の避難場所）","船場川東公園","亀山一丁目225","134.6713017","34.808245"
"指定緊急避難場所（緊急時の避難場所）","船場公民館","東雲町一丁目29","134.6817938","34.83239516"
"指定緊急避難場所（緊急時の避難場所）","船場小学校","東雲町一丁目29","134.682432","34.83261645"
"指定緊急避難場所（緊急時の避難場所）","総合スポーツ会館","中地453","134.6671197","34.82012872"
"指定緊急避難場所（緊急時の避難場所）","曽左公民館","書写2961-1","134.6485594","34.87492608"
"指定緊急避難場所（緊急時の避難場所）","曽左小学校","書写634-51","134.6615401","34.86853595"
"指定緊急避難場所（緊急時の避難場所）","大日河原緑地","野里952-7地先（市川右岸）","134.7095898","34.84627627"
"指定緊急避難場所（緊急時の避難場所）","大白書中学校","飾西652","134.645534","34.85867982"
"指定緊急避難場所（緊急時の避難場所）","高岡市民センター","東今宿五丁目3-20","134.6638945","34.84190004"
"指定緊急避難場所（緊急時の避難場所）","高岡市民広場","東今宿五丁目3","134.6640025","34.84153009"
"指定緊急避難場所（緊急時の避難場所）","高岡小学校","西今宿四丁目8-1","134.6637684","34.84601954"
"指定緊急避難場所（緊急時の避難場所）","高岡第一公園","西今宿三丁目633-11外","134.6619638","34.84044418"
"指定緊急避難場所（緊急時の避難場所）","高丘中学校","山吹一丁目4-13","134.6643542","34.85031803"
"指定緊急避難場所（緊急時の避難場所）","高岡西公民館","上手野41-4","134.6562766","34.84917704"
"指定緊急避難場所（緊急時の避難場所）","高岡西小学校","上手野1-1","134.6557841","34.84813216"
"指定緊急避難場所（緊急時の避難場所）","高浜公民館","飾磨区阿成鹿古312","134.6870773","34.80155587"
"指定緊急避難場所（緊急時の避難場所）","高浜小学校","飾磨区阿成鹿古250","134.6864804","34.80006103"
"指定緊急避難場所（緊急時の避難場所）","田寺テニスコート","田寺東二丁目12-1","134.6761529","34.85539667"
"指定緊急避難場所（緊急時の避難場所）","谷内公民館","飾東町八重畑1032-2","134.7750359","34.85742936"
"指定緊急避難場所（緊急時の避難場所）","谷内市民広場","飾東町八重畑1032-2","134.774919","34.85739386"
"指定緊急避難場所（緊急時の避難場所）","谷内小学校","飾東町八重畑130-1","134.7773288","34.85664552"
"指定緊急避難場所（緊急時の避難場所）","谷外公民館","飾東町豊国63-1","134.7413399","34.84161888"
"指定緊急避難場所（緊急時の避難場所）","谷外小学校","飾東町豊国560","134.7420638","34.84438354"
"指定緊急避難場所（緊急時の避難場所）","秩父山公園","下手野二丁目426-4外","134.6542913","34.84691929"
"指定緊急避難場所（緊急時の避難場所）","中央市民センター","本町68-68","134.6986073","34.84116865"
"指定緊急避難場所（緊急時の避難場所）","中央体育館","西延末90","134.6721191","34.8211877"
"指定緊急避難場所（緊急時の避難場所）","付城公園","飾磨区付城二丁目180","134.6508736","34.81190819"
"指定緊急避難場所（緊急時の避難場所）","津田公園","飾磨区構二丁目179外","134.659412","34.80875476"
"指定緊急避難場所（緊急時の避難場所）","津田公民館","飾磨区加茂373-1","134.6589232","34.80405024"
"指定緊急避難場所（緊急時の避難場所）","津田小学校","飾磨区今在家三丁目233","134.6583973","34.80361927"
"指定緊急避難場所（緊急時の避難場所）","手柄公民館","延末149-1","134.6789132","34.82140741"
"指定緊急避難場所（緊急時の避難場所）","手柄小学校","延末148-2","134.6781666","34.82166668"
"指定緊急避難場所（緊急時の避難場所）","手柄山中央公園","西延末440 外、手柄、飯田、延末、中地外","134.6753358","34.82190863"
"指定緊急避難場所（緊急時の避難場所）","東光中学校","国府寺町80","134.7027111","34.83461143"
"指定緊急避難場所（緊急時の避難場所）","砥堀公民館","砥堀1152-1","134.7299152","34.87150431"
"指定緊急避難場所（緊急時の避難場所）","砥堀小学校","砥堀1240-3","134.730776","34.87544087"
"指定緊急避難場所（緊急時の避難場所）","豊富公民館","豊富町御蔭1118","134.7466834","34.88246404"
"指定緊急避難場所（緊急時の避難場所）","豊富小学校","豊富町御蔭925","134.7484442","34.88249403"
"指定緊急避難場所（緊急時の避難場所）","豊富球場","豊富町豊富3910-1","134.7539325","34.89183183"
"指定緊急避難場所（緊急時の避難場所）","豊富中学校","豊富町御蔭944","134.7483982","34.8818721"
"指定緊急避難場所（緊急時の避難場所）","中島野球場","飾磨区中島2558","134.6805045","34.7897644"
"指定緊急避難場所（緊急時の避難場所）","名古山霊苑","名古山町","134.6755534","34.84227051"
"指定緊急避難場所（緊急時の避難場所）","灘市民センター","白浜町丙434","134.7131643","34.78250913"
"指定緊急避難場所（緊急時の避難場所）","灘中学校","白浜町神田一丁目33","134.7062467","34.7919691"
"指定緊急避難場所（緊急時の避難場所）","灘浜グラウンド","白浜町字灘浜","134.6994894","34.76883409"
"指定緊急避難場所（緊急時の避難場所）","灘浜緑地","白浜町8外","134.6999858","34.77004645"
"指定緊急避難場所（緊急時の避難場所）","灘南緑道","白浜町宇佐崎中三丁目120外","134.7132703","34.78182421"
"指定緊急避難場所（緊急時の避難場所）","西市民センター","飾西728-5","134.6440451","34.86118052"
"指定緊急避難場所（緊急時の避難場所）","西夢前台第二緑地","西夢前台六～八丁目地先(夢前川右岸)","134.6340836","34.81368881"
"指定緊急避難場所（緊急時の避難場所）","野里公民館","野里慶雲寺前町9-10","134.701057","34.84485995"
"指定緊急避難場所（緊急時の避難場所）","野里小学校","坊主町3-1","134.6979273","34.8432804"
"指定緊急避難場所（緊急時の避難場所）","旧野里幼稚園","野里堀留町9-1","134.7033547","34.84403037"
"指定緊急避難場所（緊急時の避難場所）","白鳥公民館","飾西85-1","134.637755","34.86310864"
"指定緊急避難場所（緊急時の避難場所）","白鳥小学校","飾西341","134.6426642","34.86342025"
"指定緊急避難場所（緊急時の避難場所）","白鷺小中学校","本町68-52","134.690293","34.835217"
"指定緊急避難場所（緊急時の避難場所）","花田公民館","花田町小川1074-3","134.7208491","34.83951085"
"指定緊急避難場所（緊急時の避難場所）","花田小学校","花田町勅旨264-2","134.7247207","34.8349576"
"指定緊急避難場所（緊急時の避難場所）","花田中学校","花田町小川1246-1","134.7229215","34.8475481"
"指定緊急避難場所（緊急時の避難場所）","花の北市民広場","増位新町二丁目12","134.7105965","34.85677298"
"指定緊急避難場所（緊急時の避難場所）","浜手緑地広畑西地区","広畑区大町","134.6266263","34.79505965"
"指定緊急避難場所（緊急時の避難場所）","浜手緑地広畑鶴町地区","広畑区鶴町一丁目、二丁目","134.6312782","34.79409234"
"指定緊急避難場所（緊急時の避難場所）","浜手緑地広畑東地区","広畑区夢前町二丁目、四丁目","134.6387309","34.7942229"
"指定緊急避難場所（緊急時の避難場所）","浜手緑地構地区","飾磨区構","134.6590042","34.79564338"
"指定緊急避難場所（緊急時の避難場所）","浜手緑地妻鹿地区","飾磨区妻鹿","134.6893347","34.78417689"
"指定緊急避難場所（緊急時の避難場所）","浜手緑地細江地区","飾磨区細江","134.6617521","34.79461062"
"指定緊急避難場所（緊急時の避難場所）","浜手緑地中島地区","飾磨区中島","134.6767861","34.79145367"
"指定緊急避難場所（緊急時の避難場所）","浜手緑地白浜地区","白浜町甲912-1 他","134.6936578","34.78339422"
"指定緊急避難場所（緊急時の避難場所）","林田公民館","林田町林田13","134.5809814","34.90433634"
"指定緊急避難場所（緊急時の避難場所）","林田小学校","林田町六九谷523","134.583199","34.9139592"
"指定緊急避難場所（緊急時の避難場所）","林田中学校","林田町林田33","134.5803385","34.90502225"
"指定緊急避難場所（緊急時の避難場所）","東阿保緑地(1)","四郷町東阿保地先(市川左岸)","134.7175818","34.82247458"
"指定緊急避難場所（緊急時の避難場所）","東公民館","幸町94","134.7049929","34.83160278"
"指定緊急避難場所（緊急時の避難場所）","東市民センター","花田町加納原田888-1","134.7278264","34.83274786"
"指定緊急避難場所（緊急時の避難場所）","東小学校","市之郷町二丁目34","134.7089516","34.82689433"
"指定緊急避難場所（緊急時の避難場所）","東中学校","別所町別所五丁目30-2","134.7523677","34.81511355"
"指定緊急避難場所（緊急時の避難場所）","旧東幼稚園","宮上町一丁目15-1","134.713514","34.83005303"
"指定緊急避難場所（緊急時の避難場所）","聖ヶ岡公園","林田町林田10-4外","134.5802912","34.90561667"
"指定緊急避難場所（緊急時の避難場所）","姫路球場","飯田540","134.6724841","34.81943791"
"指定緊急避難場所（緊急時の避難場所）","姫路公園(シロトピア記念公園)","本町68","134.6949786","34.84156756"
"指定緊急避難場所（緊急時の避難場所）","姫路工業高校","伊伝居600-1","134.6970752","34.84840381"
"指定緊急避難場所（緊急時の避難場所）","姫路高校","辻井九丁目1-10","134.6780799","34.85080324"
"指定緊急避難場所（緊急時の避難場所）","姫路飾西高校","飾西148-2","134.6360829","34.86106546"
"指定緊急避難場所（緊急時の避難場所）","姫路商業高校","井ノ口468","134.655871","34.82558585"
"指定緊急避難場所（緊急時の避難場所）","姫路市立好古学園大学校","田寺東二丁目2-1","134.6743276","34.85549943"
"指定緊急避難場所（緊急時の避難場所）","姫路西高校","北八代二丁目1-33","134.6950903","34.84958165"
"指定緊急避難場所（緊急時の避難場所）","姫路東高校","本町68-70","134.6989213","34.84050973"
"指定緊急避難場所（緊急時の避難場所）","姫路別所高校","別所町北宿303","134.7684342","34.80885629"
"指定緊急避難場所（緊急時の避難場所）","姫路南高校","大津区天満191-5","134.6099892","34.80287387"
"指定緊急避難場所（緊急時の避難場所）","兵庫県立大学姫路工学キャンパス","書写2167","134.6529546","34.87789542"
"指定緊急避難場所（緊急時の避難場所）","広高浜公園","広畑区高浜町四丁目1 -55外","134.6191305","34.80095011"
"指定緊急避難場所（緊急時の避難場所）","広畑公民館","広畑区本町一丁目53","134.6298022","34.80234496"
"指定緊急避難場所（緊急時の避難場所）","広畑市民センター","広畑区正門通一丁目7-3","134.6285015","34.80523771"
"指定緊急避難場所（緊急時の避難場所）","広畑小学校","広畑区清水町一丁目47","134.6323892","34.80438886"
"指定緊急避難場所（緊急時の避難場所）","広畑第二小学校","広畑区高浜町三丁目35","134.6213953","34.80146805"
"指定緊急避難場所（緊急時の避難場所）","広畑中学校","広畑区小松町三丁目83","134.6215513","34.80236895"
"指定緊急避難場所（緊急時の避難場所）","広畑緑地","広畑区北河原町、本町六丁目、末広町三丁目、東新町三丁目(夢前川右岸)","134.6377395","34.80157455"
"指定緊急避難場所（緊急時の避難場所）","広峰公民館","城北新町一丁目11-23","134.6979462","34.85369522"
"指定緊急避難場所（緊急時の避難場所）","広峰小学校","峰南町2-1","134.695716","34.85751275"
"指定緊急避難場所（緊急時の避難場所）","広嶺中学校","峰南町2-43","134.695519","34.85994747"
"指定緊急避難場所（緊急時の避難場所）","船津公園","船津町3288他","134.7494572","34.92491465"
"指定緊急避難場所（緊急時の避難場所）","船津小学校","船津町921-2","134.7574378","34.91879253"
"指定緊急避難場所（緊急時の避難場所）","ふれあいの館","船津町3288","134.7490282","34.92180952"
"指定緊急避難場所（緊急時の避難場所）","文化センター","西延末426-1","134.6768096","34.82406839"
"指定緊急避難場所（緊急時の避難場所）","別所公民館","別所町別所1717-4","134.7559021","34.80730377"
"指定緊急避難場所（緊急時の避難場所）","別所小学校","別所町別所673","134.7554851","34.8091265"
"指定緊急避難場所（緊急時の避難場所）","北条緑地","北条250","134.6966959","34.82185578"
"指定緊急避難場所（緊急時の避難場所）","本町公園","広畑区本町二丁目28","134.6317874","34.80125322"
"指定緊急避難場所（緊急時の避難場所）","牧野丸山公園","山田町牧野699-14","134.7687128","34.90258909"
"指定緊急避難場所（緊急時の避難場所）","増位小学校","白国五丁目9-1","134.7028621","34.86346815"
"指定緊急避難場所（緊急時の避難場所）","増位中学校","増位新町二丁目4-1","134.7103845","34.85823381"
"指定緊急避難場所（緊急時の避難場所）","的形北公園","的形町的形305-1外","134.7458322","34.78242102"
"指定緊急避難場所（緊急時の避難場所）","的形公民館","的形町的形1358-4","134.7397554","34.77751923"
"指定緊急避難場所（緊急時の避難場所）","的形小学校","的形町的形1619","134.7403523","34.77665137"
"指定緊急避難場所（緊急時の避難場所）","御国野公民館","御国野町御着1142-8","134.7408778","34.81883247"
"指定緊急避難場所（緊急時の避難場所）","御国野小学校","御国野町御着1049-3","134.742385","34.82089046"
"指定緊急避難場所（緊急時の避難場所）","水上小学校","西中島382","134.7137373","34.8549332"
"指定緊急避難場所（緊急時の避難場所）","御立公園","御立西四丁目1766-1","134.6605503","34.86433739"
"指定緊急避難場所（緊急時の避難場所）","御立前山公園","御立中一丁目612-2外","134.6692344","34.86434953"
"指定緊急避難場所（緊急時の避難場所）","南大津公民館","大津区勘兵衛町一丁目18-2","134.6146316","34.79141636"
"指定緊急避難場所（緊急時の避難場所）","南大津小学校","大津区真砂町40-2","134.6063454","34.78809744"
"指定緊急避難場所（緊急時の避難場所）","峰相公民館","六角278-3","134.6370734","34.88349209"
"指定緊急避難場所（緊急時の避難場所）","峰相小学校","打越582-1","134.6352815","34.884236"
"指定緊急避難場所（緊急時の避難場所）","妻鹿公民館","飾磨区妻鹿170-6","134.6943569","34.79195096"
"指定緊急避難場所（緊急時の避難場所）","妻鹿小学校","飾磨区妻鹿786-3","134.6952179","34.78886527"
"指定緊急避難場所（緊急時の避難場所）","八木公民館","木場1441-32","134.7248582","34.77848771"
"指定緊急避難場所（緊急時の避難場所）","八木小学校","八家24-2","134.7278746","34.78330023"
"指定緊急避難場所（緊急時の避難場所）","矢倉公園","飾磨区矢倉町二丁目23","134.6375575","34.80718861"
"指定緊急避難場所（緊急時の避難場所）","安室公園","田寺東二丁目791外","134.6740052","34.85429376"
"指定緊急避難場所（緊急時の避難場所）","安室公民館","御立中三丁目3-7","134.6680835","34.86386657"
"指定緊急避難場所（緊急時の避難場所）","安室小学校","田寺六丁目11-12","134.6677266","34.85938706"
"指定緊急避難場所（緊急時の避難場所）","安室中学校","田寺東二丁目6-1","134.6720853","34.85563358"
"指定緊急避難場所（緊急時の避難場所）","安室東小学校","田寺東二丁目5-1","134.6730802","34.85541462"
"指定緊急避難場所（緊急時の避難場所）","山田公民館","山田町北山田109-6","134.7732992","34.91110033"
"指定緊急避難場所（緊急時の避難場所）","山田小学校","山田町北山田108","134.7740111","34.91124233"
"指定緊急避難場所（緊急時の避難場所）","八幡公民館","広畑区蒲田三丁目161","134.6427543","34.82603556"
"指定緊急避難場所（緊急時の避難場所）","八幡小学校","広畑区西蒲田1400-24","134.6368469","34.82494159"
"指定緊急避難場所（緊急時の避難場所）","夢前中学校","広畑区才226-1","134.6298289","34.81588947"
"指定緊急避難場所（緊急時の避難場所）","余部公民館","余部区上余部675-7","134.5702837","34.80149737"
"指定緊急避難場所（緊急時の避難場所）","余部小学校","余部区上余部643-1","134.5727693","34.80055661"
"指定緊急避難場所（緊急時の避難場所）","陸上競技場","中地377-1(手柄山中央公園)","134.6710392","34.8218306"
"指定緊急避難場所（緊急時の避難場所）","勝原公民館","勝原区宮田489-3","134.5962686","34.8141853"
"指定緊急避難場所（緊急時の避難場所）","兵庫県立大学姫路環境人間キャンパス","新在家本町一丁目1-12","134.6885507","34.84808822"
"指定緊急避難場所（緊急時の避難場所）","姫路公園(大手前公園)","本町68","134.6938598","34.83451695"
"指定緊急避難場所（緊急時の避難場所）","増位公民館","白国一丁目124－6","134.7047735","34.85734574"
"指定緊急避難場所（緊急時の避難場所）","城巽公民館","北条口三丁目29-3","134.6967123","34.8289134"
"指定緊急避難場所（緊急時の避難場所）","姫路獨協大学","上大野七丁目2-1","134.6888641","34.87330675"
"指定緊急避難場所（緊急時の避難場所）","図書館飾磨分館ホール","飾磨区下野田一丁目1","134.6779261","34.79916262"
"指定緊急避難場所（緊急時の避難場所）","前之庄公民館","夢前町前之庄2160","134.6849982","34.97304846"
"指定緊急避難場所（緊急時の避難場所）","姫路特別支援学校体育館","四郷町東阿保476-1","134.7151868","34.81391587"
"指定緊急避難場所（緊急時の避難場所）","姫路聴覚特別支援学校体育館","本町68-46","134.6872548","34.83668281"
"指定緊急避難場所（緊急時の避難場所）","書写養護学校体育館","書写台三丁目148番地1","134.6468461","34.86631665"
"指定緊急避難場所（緊急時の避難場所）","中央卸売市場管理棟","延末295","134.6809152","34.8225074"
"指定緊急避難場所（緊急時の避難場所）","埋蔵文化財センター","四郷町坂元414-1","134.7201063","34.81672121"
"指定緊急避難場所（緊急時の避難場所）","見野の郷交流館","四郷町見野964-5","134.7244221","34.80707987"
"指定緊急避難場所（緊急時の避難場所）","総合教育センター南館","北条口三丁目29","134.697073","34.82887126"
"指定緊急避難場所（緊急時の避難場所）","高岡公民館","東今宿五丁目3-40","134.6643191","34.84212425"
"指定緊急避難場所（緊急時の避難場所）","エコパークあぼし","網干区網干浜4-1","134.603389","34.76879557"
"指定緊急避難場所（緊急時の避難場所）","垣内公園","網干区垣内北町1806","134.5898141","34.79191814"
"指定緊急避難場所（緊急時の避難場所）","姫路しらさぎ特別支援学校体育館","苫編688－58","134.6542317","34.82268565"
"指定緊急避難場所（緊急時の避難場所）","桜山公園","姫路市太市中275-1","134.6152268","34.85689764"
"指定緊急避難場所（緊急時の避難場所）","日ノ出緑地","姫路市市川台一丁目地先","134.7169701","34.82859196"
"指定緊急避難場所（緊急時の避難場所）","阿保緑地","姫路市阿保地先（市川右岸）","134.7150703","34.82333287"
"指定緊急避難場所（緊急時の避難場所）","花田中央公園","姫路市花田町小川420","134.7229833","34.845806"
"指定緊急避難場所（緊急時の避難場所）","書写東公園","姫路市書写634-161","134.6594342","34.8691181"
"指定緊急避難場所（緊急時の避難場所）","前之庄東緑地","姫路市夢前町前之庄（左岸）","134.6844901","34.96825984"
"指定緊急避難場所（緊急時の避難場所）","犬飼河川公園","姫路市香寺町犬飼871-3地先","134.7369616","34.89726295"
"指定緊急避難場所（緊急時の避難場所）","曽左幼稚園","姫路市書写台一丁目62-1","134.6494947","34.87401126"
"指定緊急避難場所（緊急時の避難場所）","英賀保幼稚園","姫路市飾磨区英賀清水町二丁目73","134.6443871","34.80619483"
"指定緊急避難場所（緊急時の避難場所）","宮消防分団本部","姫路市家島町宮1061","134.5336367","34.67540802"
"指定緊急避難場所（緊急時の避難場所）","小坂公園","姫路市広畑区小坂202外","134.6177905","34.80689858"
"指定緊急避難場所（緊急時の避難場所）","北部市民センター","夢前町前之庄2160","134.684817","34.972391"
"指定緊急避難場所（緊急時の避難場所）","安室東公民館","姫路市田寺東二丁目2-3","134.675527","34.855204"
"指定緊急避難場所（緊急時の避難場所）","姫路日ノ本短期大学・日ノ本学園高等学校","香寺町香呂890","134.729152","34.917793"

